Time,FIRST_FLOOR_ZONE:OTTAWA INTL AP ANN HTG 99.6% CONDNS DB:Des Heat Load [W],FIRST_FLOOR_ZONE:OTTAWA INTL AP ANN CLG .4% CONDNS DB=>MWB:Des Sens Cool Load [W],FIRST_FLOOR_ZONE:OTTAWA INTL AP ANN HTG 99.6% CONDNS DB:Des Heat Mass Flow [kg/s],FIRST_FLOOR_ZONE:OTTAWA INTL AP ANN CLG .4% CONDNS DB=>MWB:Des Cool Mass Flow [kg/s],FIRST_FLOOR_ZONE::Des Latent Heat Load [W],FIRST_FLOOR_ZONE::Des Latent Cool Load [W],FIRST_FLOOR_ZONE::Des Latent Heat Mass Flow [kg/s],FIRST_FLOOR_ZONE::Des Latent Cool Mass Flow [kg/s],FIRST_FLOOR_ZONE::Des Heat Load No DOAS [W],FIRST_FLOOR_ZONE::Des Sens Cool Load No DOAS [W],FIRST_FLOOR_ZONE::Des Latent Heat Load No DOAS [W],FIRST_FLOOR_ZONE::Des Latent Cool Load No DOAS [W],FIRST_FLOOR_ZONE:OTTAWA INTL AP ANN HTG 99.6% CONDNS DB:Heating Zone Temperature [C],FIRST_FLOOR_ZONE:OTTAWA INTL AP ANN HTG 99.6% CONDNS DB:Heating Zone Relative Humidity [%],FIRST_FLOOR_ZONE:OTTAWA INTL AP ANN CLG .4% CONDNS DB=>MWB:Cooling Zone Temperature [C],FIRST_FLOOR_ZONE:OTTAWA INTL AP ANN CLG .4% CONDNS DB=>MWB:Cooling Zone Relative Humidity [%],SECOND_FLOOR_ZONE:OTTAWA INTL AP ANN HTG 99.6% CONDNS DB:Des Heat Load [W],SECOND_FLOOR_ZONE:OTTAWA INTL AP ANN CLG .4% CONDNS DB=>MWB:Des Sens Cool Load [W],SECOND_FLOOR_ZONE:OTTAWA INTL AP ANN HTG 99.6% CONDNS DB:Des Heat Mass Flow [kg/s],SECOND_FLOOR_ZONE:OTTAWA INTL AP ANN CLG .4% CONDNS DB=>MWB:Des Cool Mass Flow [kg/s],SECOND_FLOOR_ZONE::Des Latent Heat Load [W],SECOND_FLOOR_ZONE::Des Latent Cool Load [W],SECOND_FLOOR_ZONE::Des Latent Heat Mass Flow [kg/s],SECOND_FLOOR_ZONE::Des Latent Cool Mass Flow [kg/s],SECOND_FLOOR_ZONE::Des Heat Load No DOAS [W],SECOND_FLOOR_ZONE::Des Sens Cool Load No DOAS [W],SECOND_FLOOR_ZONE::Des Latent Heat Load No DOAS [W],SECOND_FLOOR_ZONE::Des Latent Cool Load No DOAS [W],SECOND_FLOOR_ZONE:OTTAWA INTL AP ANN HTG 99.6% CONDNS DB:Heating Zone Temperature [C],SECOND_FLOOR_ZONE:OTTAWA INTL AP ANN HTG 99.6% CONDNS DB:Heating Zone Relative Humidity [%],SECOND_FLOOR_ZONE:OTTAWA INTL AP ANN CLG .4% CONDNS DB=>MWB:Cooling Zone Temperature [C],SECOND_FLOOR_ZONE:OTTAWA INTL AP ANN CLG .4% CONDNS DB=>MWB:Cooling Zone Relative Humidity [%]
00:10:00,2.062829E+03,2.834289E+02,1.064525E-01,2.777215E-02,0.000000E+00,0.000000E+00,0.000000E+00,0.000000E+00,0.000000E+00,0.000000E+00,0.000000E+00,0.000000E+00,2.099602E+01,4.303003E+01,2.399889E+01,5.702623E+01,2.334289E+03,2.209869E+02,1.204524E-01,2.165288E-02,0.000000E+00,0.000000E+00,0.000000E+00,0.000000E+00,0.000000E+00,0.000000E+00,0.000000E+00,0.000000E+00,2.099528E+01,4.225519E+01,2.399935E+01,5.596477E+01
00:20:00,2.066171E+03,2.713783E+02,1.066235E-01,2.659144E-02,0.000000E+00,0.000000E+00,0.000000E+00,0.000000E+00,0.000000E+00,0.000000E+00,0.000000E+00,0.000000E+00,2.099590E+01,4.289668E+01,2.399894E+01,5.692903E+01,2.336602E+03,2.068084E+02,1.205718E-01,2.026368E-02,0.000000E+00,0.000000E+00,0.000000E+00,0.000000E+00,0.000000E+00,0.000000E+00,0.000000E+00,0.000000E+00,2.099528E+01,4.226543E+01,2.399937E+01,5.625808E+01
00:30:00,2.068861E+03,2.600429E+02,1.067611E-01,2.548083E-02,0.000000E+00,0.000000E+00,0.000000E+00,0.000000E+00,0.000000E+00,0.000000E+00,0.000000E+00,0.000000E+00,2.099583E+01,4.280398E+01,2.399899E+01,5.686937E+01,2.338573E+03,1.932294E+02,1.206735E-01,1.893323E-02,0.000000E+00,0.000000E+00,0.000000E+00,0.000000E+00,0.000000E+00,0.000000E+00,0.000000E+00,0.000000E+00,2.099528E+01,4.227424E+01,2.399939E+01,5.655452E+01
00:40:00,2.071031E+03,2.493167E+02,1.068722E-01,2.442991E-02,0.000000E+00,0.000000E+00,0.000000E+00,0.000000E+00,0.000000E+00,0.000000E+00,0.000000E+00,0.000000E+00,2.099577E+01,4.273903E+01,2.399903E+01,5.684186E+01,2.340269E+03,1.801876E+02,1.207610E-01,1.765540E-02,0.000000E+00,0.000000E+00,0.000000E+00,0.000000E+00,0.000000E+00,0.000000E+00,0.000000E+00,0.000000E+00,2.099529E+01,4.228186E+01,2.399942E+01,5.685429E+01
00:50:00,2.072791E+03,2.390377E+02,1.069624E-01,2.342280E-02,0.000000E+00,0.000000E+00,0.000000E+00,0.000000E+00,0.000000E+00,0.000000E+00,0.000000E+00,0.000000E+00,2.099573E+01,4.269394E+01,2.399906E+01,5.684195E+01,2.341739E+03,1.675858E+02,1.208370E-01,1.642068E-02,0.000000E+00,0.000000E+00,0.000000E+00,0.000000E+00,0.000000E+00,0.000000E+00,0.000000E+00,0.000000E+00,2.099529E+01,4.228848E+01,2.399945E+01,5.715766E+01
01:00:00,2.074224E+03,2.293079E+02,1.070359E-01,2.246930E-02,0.000000E+00,0.000000E+00,0.000000E+00,0.000000E+00,0.000000E+00,0.000000E+00,0.000000E+00,0.000000E+00,2.099571E+01,4.266330E+01,2.399909E+01,5.686588E+01,2.343022E+03,1.555009E+02,1.209032E-01,1.523652E-02,0.000000E+00,0.000000E+00,0.000000E+00,0.000000E+00,0.000000E+00,0.000000E+00,0.000000E+00,0.000000E+00,2.099529E+01,4.229425E+01,2.399947E+01,5.746499E+01
01:10:00,2.076469E+03,2.209981E+02,1.071514E-01,2.165497E-02,0.000000E+00,0.000000E+00,0.000000E+00,0.000000E+00,0.000000E+00,0.000000E+00,0.000000E+00,0.000000E+00,2.099569E+01,4.264308E+01,2.399912E+01,5.691043E+01,2.344280E+03,1.441075E+02,1.209681E-01,1.412012E-02,0.000000E+00,0.000000E+00,0.000000E+00,0.000000E+00,0.000000E+00,0.000000E+00,0.000000E+00,0.000000E+00,2.099529E+01,4.229931E+01,2.399950E+01,5.777660E+01
01:20:00,2.078488E+03,2.131263E+02,1.072554E-01,2.088356E-02,0.000000E+00,0.000000E+00,0.000000E+00,0.000000E+00,0.000000E+00,0.000000E+00,0.000000E+00,0.000000E+00,2.099567E+01,4.263027E+01,2.399915E+01,5.697169E+01,2.345402E+03,1.332011E+02,1.210260E-01,1.305144E-02,0.000000E+00,0.000000E+00,0.000000E+00,0.000000E+00,0.000000E+00,0.000000E+00,0.000000E+00,0.000000E+00,2.099529E+01,4.230377E+01,2.399953E+01,5.809131E+01
01:30:00,2.080329E+03,2.056547E+02,1.073502E-01,2.015137E-02,0.000000E+00,0.000000E+00,0.000000E+00,0.000000E+00,0.000000E+00,0.000000E+00,0.000000E+00,0.000000E+00,2.099566E+01,4.262264E+01,2.399917E+01,5.704669E+01,2.346418E+03,1.227543E+02,1.210784E-01,1.202781E-02,0.000000E+00,0.000000E+00,0.000000E+00,0.000000E+00,0.000000E+00,0.000000E+00,0.000000E+00,0.000000E+00,2.099529E+01,4.230774E+01,2.399955E+01,5.840855E+01
01:40:00,2.082020E+03,1.985562E+02,1.074374E-01,1.945576E-02,0.000000E+00,0.000000E+00,0.000000E+00,0.000000E+00,0.000000E+00,0.000000E+00,0.000000E+00,0.000000E+00,2.099566E+01,4.261860E+01,2.399919E+01,5.713340E+01,2.347342E+03,1.127448E+02,1.211261E-01,1.104701E-02,0.000000E+00,0.000000E+00,0.000000E+00,0.000000E+00,0.000000E+00,0.000000E+00,0.000000E+00,0.000000E+00,2.099530E+01,4.231127E+01,2.399958E+01,5.872835E+01
01:50:00,2.083580E+03,1.918106E+02,1.075178E-01,1.879475E-02,0.000000E+00,0.000000E+00,0.000000E+00,0.000000E+00,0.000000E+00,0.000000E+00,0.000000E+00,0.000000E+00,2.099565E+01,4.261704E+01,2.399921E+01,5.723031E+01,2.348184E+03,1.031503E+02,1.211696E-01,1.010689E-02,0.000000E+00,0.000000E+00,0.000000E+00,0.000000E+00,0.000000E+00,0.000000E+00,0.000000E+00,0.000000E+00,2.099530E+01,4.231445E+01,2.399961E+01,5.905107E+01
02:00:00,2.085029E+03,1.853986E+02,1.075925E-01,1.816642E-02,0.000000E+00,0.000000E+00,0.000000E+00,0.000000E+00,0.000000E+00,0.000000E+00,0.000000E+00,0.000000E+00,2.099565E+01,4.261716E+01,2.399922E+01,5.733626E+01,2.348955E+03,9.395231E+01,1.212094E-01,9.205630E-03,0.000000E+00,0.000000E+00,0.000000E+00,0.000000E+00,0.000000E+00,0.000000E+00,0.000000E+00,0.000000E+00,2.099530E+01,4.231732E+01,2.399964E+01,5.937714E+01
02:10:00,2.086355E+03,1.792412E+02,1.076609E-01,1.756304E-02,0.000000E+00,0.000000E+00,0.000000E+00,0.000000E+00,0.000000E+00,0.000000E+00,0.000000E+00,0.000000E+00,2.099565E+01,4.261842E+01,2.399924E+01,5.745020E+01,2.349648E+03,8.505717E+01,1.212451E-01,8.334044E-03,0.000000E+00,0.000000E+00,0.000000E+00,0.000000E+00,0.000000E+00,0.000000E+00,0.000000E+00,0.000000E+00,2.099530E+01,4.231991E+01,2.399967E+01,5.970699E+01
02:20:00,2.087600E+03,1.733237E+02,1.077251E-01,1.698318E-02,0.000000E+00,0.000000E+00,0.000000E+00,0.000000E+00,0.000000E+00,0.000000E+00,0.000000E+00,0.000000E+00,2.099565E+01,4.262035E+01,2.399926E+01,5.757061E+01,2.350285E+03,7.645440E+01,1.212780E-01,7.491109E-03,0.000000E+00,0.000000E+00,0.000000E+00,0.000000E+00,0.000000E+00,0.000000E+00,0.000000E+00,0.000000E+00,2.099530E+01,4.232223E+01,2.399970E+01,6.004014E+01
02:30:00,2.088754E+03,1.676351E+02,1.077847E-01,1.642575E-02,0.000000E+00,0.000000E+00,0.000000E+00,0.000000E+00,0.000000E+00,0.000000E+00,0.000000E+00,0.000000E+00,2.099565E+01,4.262273E+01,2.399927E+01,5.769633E+01,2.350864E+03,6.813074E+01,1.213079E-01,6.675526E-03,0.000000E+00,0.000000E+00,0.000000E+00,0.000000E+00,0.000000E+00,0.000000E+00,0.000000E+00,0.000000E+00,2.099530E+01,4.232434E+01,2.399973E+01,6.037637E+01
02:40:00,2.089825E+03,1.621646E+02,1.078399E-01,1.588970E-02,0.000000E+00,0.000000E+00,0.000000E+00,0.000000E+00,0.000000E+00,0.000000E+00,0.000000E+00,0.000000E+00,2.099564E+01,4.262537E+01,2.399928E+01,5.782661E+01,2.351387E+03,6.007896E+01,1.213349E-01,5.886587E-03,0.000000E+00,0.000000E+00,0.000000E+00,0.000000E+00,0.000000E+00,0.000000E+00,0.000000E+00,0.000000E+00,2.099530E+01,4.232624E+01,2.399976E+01,6.071580E+01
02:50:00,2.090824E+03,1.569045E+02,1.078915E-01,1.537427E-02,0.000000E+00,0.000000E+00,0.000000E+00,0.000000E+00,0.000000E+00,0.000000E+00,0.000000E+00,0.000000E+00,2.099564E+01,4.262812E+01,2.399930E+01,5.796093E+01,2.351864E+03,5.229443E+01,1.213595E-01,5.123838E-03,0.000000E+00,0.000000E+00,0.000000E+00,0.000000E+00,0.000000E+00,0.000000E+00,0.000000E+00,0.000000E+00,2.099530E+01,4.232796E+01,2.399979E+01,6.105870E+01
03:00:00,2.091763E+03,1.518469E+02,1.079399E-01,1.487868E-02,0.000000E+00,0.000000E+00,0.000000E+00,0.000000E+00,0.000000E+00,0.000000E+00,0.000000E+00,0.000000E+00,2.099564E+01,4.263091E+01,2.399931E+01,5.809887E+01,2.352298E+03,4.477163E+01,1.213819E-01,4.386737E-03,0.000000E+00,0.000000E+00,0.000000E+00,0.000000E+00,0.000000E+00,0.000000E+00,0.000000E+00,0.000000E+00,2.099530E+01,4.232952E+01,2.399982E+01,6.140538E+01
03:10:00,2.092673E+03,1.469206E+02,1.079868E-01,1.439596E-02,0.000000E+00,0.000000E+00,0.000000E+00,0.000000E+00,0.000000E+00,0.000000E+00,0.000000E+00,0.000000E+00,2.099564E+01,4.263370E+01,2.399932E+01,5.824005E+01,2.352711E+03,3.742795E+01,1.214032E-01,3.667190E-03,0.000000E+00,0.000000E+00,0.000000E+00,0.000000E+00,0.000000E+00,0.000000E+00,0.000000E+00,0.000000E+00,2.099530E+01,4.233096E+01,2.399986E+01,6.175609E+01
03:20:00,2.093530E+03,1.421196E+02,1.080311E-01,1.392551E-02,0.000000E+00,0.000000E+00,0.000000E+00,0.000000E+00,0.000000E+00,0.000000E+00,0.000000E+00,0.000000E+00,2.099564E+01,4.263649E+01,2.399934E+01,5.838416E+01,2.353091E+03,3.025794E+01,1.214228E-01,2.964665E-03,0.000000E+00,0.000000E+00,0.000000E+00,0.000000E+00,0.000000E+00,0.000000E+00,0.000000E+00,0.000000E+00,2.099530E+01,4.233229E+01,2.399989E+01,6.211108E+01
03:30:00,2.094361E+03,1.374391E+02,1.080739E-01,1.346688E-02,0.000000E+00,0.000000E+00,0.000000E+00,0.000000E+00,0.000000E+00,0.000000E+00,0.000000E+00,0.000000E+00,2.099564E+01,4.263924E+01,2.399935E+01,5.853089E+01,2.353452E+03,2.325594E+01,1.214415E-01,2.278604E-03,0.000000E+00,0.000000E+00,0.000000E+00,0.000000E+00,0.000000E+00,0.000000E+00,0.000000E+00,0.000000E+00,2.099530E+01,4.233354E+01,2.399993E+01,6.247057E+01
03:40:00,2.095171E+03,1.328744E+02,1.081157E-01,1.301960E-02,0.000000E+00,0.000000E+00,0.000000E+00,0.000000E+00,0.000000E+00,0.000000E+00,0.000000E+00,0.000000E+00,2.099564E+01,4.264195E+01,2.399936E+01,5.867999E+01,2.353799E+03,1.645238E+01,1.214594E-01,1.611992E-03,0.000000E+00,0.000000E+00,0.000000E+00,0.000000E+00,0.000000E+00,0.000000E+00,0.000000E+00,0.000000E+00,2.099530E+01,4.233472E+01,2.399996E+01,6.283477E+01
03:50:00,2.095957E+03,1.284225E+02,1.081563E-01,1.258336E-02,0.000000E+00,0.000000E+00,0.000000E+00,0.000000E+00,0.000000E+00,0.000000E+00,0.000000E+00,0.000000E+00,2.099564E+01,4.264460E+01,2.399937E+01,5.883120E+01,2.354131E+03,1.085680E+01,1.214765E-01,1.063739E-03,0.000000E+00,0.000000E+00,0.000000E+00,0.000000E+00,0.000000E+00,0.000000E+00,0.000000E+00,0.000000E+00,2.099530E+01,4.233583E+01,2.399980E+01,6.320418E+01
04:00:00,2.096720E+03,1.240800E+02,1.081957E-01,1.215785E-02,0.000000E+00,0.000000E+00,0.000000E+00,0.000000E+00,0.000000E+00,0.000000E+00,0.000000E+00,0.000000E+00,2.099565E+01,4.264719E+01,2.399939E+01,5.898433E+01,2.354449E+03,6.440879E+00,1.214929E-01,6.310696E-04,0.000000E+00,0.000000E+00,0.000000E+00,0.000000E+00,0.000000E+00,0.000000E+00,0.000000E+00,0.000000E+00,2.099530E+01,4.233689E+01,2.399352E+01,6.358743E+01
04:10:00,2.097460E+03,1.199112E+02,1.082339E-01,1.174936E-02,0.000000E+00,0.000000E+00,0.000000E+00,0.000000E+00,0.000000E+00,0.000000E+00,0.000000E+00,0.000000E+00,2.099565E+01,4.264972E+01,2.399940E+01,5.913917E+01,2.354754E+03,3.177115E+00,1.215086E-01,3.112892E-04,0.000000E+00,0.000000E+00,0.000000E+00,0.000000E+00,0.000000E+00,0.000000E+00,0.000000E+00,0.000000E+00,2.099530E+01,4.233789E+01,2.398019E+01,6.398022E+01
04:20:00,2.098179E+03,1.159142E+02,1.082710E-01,1.135770E-02,0.000000E+00,0.000000E+00,0.000000E+00,0.000000E+00,0.000000E+00,0.000000E+00,0.000000E+00,0.000000E+00,2.099565E+01,4.265218E+01,2.399941E+01,5.929479E+01,2.355046E+03,1.038810E+00,1.215237E-01,1.017808E-04,0.000000E+00,0.000000E+00,0.000000E+00,0.000000E+00,0.000000E+00,0.000000E+00,0.000000E+00,0.000000E+00,2.099530E+01,4.233885E+01,2.396266E+01,6.436996E+01
04:30:00,2.098877E+03,1.120890E+02,1.083070E-01,1.098289E-02,0.000000E+00,0.000000E+00,0.000000E+00,0.000000E+00,0.000000E+00,0.000000E+00,0.000000E+00,0.000000E+00,2.099565E+01,4.265458E+01,2.399942E+01,5.945054E+01,2.355327E+03,0.000000E+00,1.215382E-01,0.000000E+00,0.000000E+00,0.000000E+00,0.000000E+00,0.000000E+00,0.000000E+00,0.000000E+00,0.000000E+00,0.000000E+00,2.099530E+01,4.233977E+01,2.394350E+01,6.474764E+01
04:40:00,2.099555E+03,1.091092E+02,1.083420E-01,1.069090E-02,0.000000E+00,0.000000E+00,0.000000E+00,0.000000E+00,0.000000E+00,0.000000E+00,0.000000E+00,0.000000E+00,2.099565E+01,4.265691E+01,2.399943E+01,5.960615E+01,2.355596E+03,0.000000E+00,1.215521E-01,0.000000E+00,0.000000E+00,0.000000E+00,0.000000E+00,0.000000E+00,0.000000E+00,0.000000E+00,0.000000E+00,0.000000E+00,2.099530E+01,4.234064E+01,2.392386E+01,6.511022E+01
04:50:00,2.100215E+03,1.075490E+02,1.083760E-01,1.053802E-02,0.000000E+00,0.000000E+00,0.000000E+00,0.000000E+00,0.000000E+00,0.000000E+00,0.000000E+00,0.000000E+00,2.099565E+01,4.265918E+01,2.399941E+01,5.975367E+01,2.355856E+03,0.000000E+00,1.215655E-01,0.000000E+00,0.000000E+00,0.000000E+00,0.000000E+00,0.000000E+00,0.000000E+00,0.000000E+00,0.000000E+00,0.000000E+00,2.099530E+01,4.234148E+01,2.390691E+01,6.544655E+01
05:00:00,2.100857E+03,1.080492E+02,1.084092E-01,1.058703E-02,0.000000E+00,0.000000E+00,0.000000E+00,0.000000E+00,0.000000E+00,0.000000E+00,0.000000E+00,0.000000E+00,2.099565E+01,4.266138E+01,2.399938E+01,5.988159E+01,2.356105E+03,0.000000E+00,1.215784E-01,0.000000E+00,0.000000E+00,0.000000E+00,0.000000E+00,0.000000E+00,0.000000E+00,0.000000E+00,0.000000E+00,0.000000E+00,2.099530E+01,4.234229E+01,2.389649E+01,6.574230E+01
05:10:00,2.101481E+03,1.115141E+02,1.084414E-01,1.092655E-02,0.000000E+00,0.000000E+00,0.000000E+00,0.000000E+00,0.000000E+00,0.000000E+00,0.000000E+00,0.000000E+00,2.099565E+01,4.266353E+01,2.399934E+01,5.997718E+01,2.356346E+03,0.000000E+00,1.215908E-01,0.000000E+00,0.000000E+00,0.000000E+00,0.000000E+00,0.000000E+00,0.000000E+00,0.000000E+00,0.000000E+00,0.000000E+00,2.099530E+01,4.234306E+01,2.389506E+01,6.598821E+01
05:20:00,2.102089E+03,1.176265E+02,1.084727E-01,1.152550E-02,0.000000E+00,0.000000E+00,0.000000E+00,0.000000E+00,0.000000E+00,0.000000E+00,0.000000E+00,0.000000E+00,2.099565E+01,4.266562E+01,2.399926E+01,6.002423E+01,2.356578E+03,0.000000E+00,1.216028E-01,0.000000E+00,0.000000E+00,0.000000E+00,0.000000E+00,0.000000E+00,0.000000E+00,0.000000E+00,0.000000E+00,0.000000E+00,2.099530E+01,4.234381E+01,2.390580E+01,6.617206E+01
05:30:00,2.102681E+03,1.260836E+02,1.085033E-01,1.235421E-02,0.000000E+00,0.000000E+00,0.000000E+00,0.000000E+00,0.000000E+00,0.000000E+00,0.000000E+00,0.000000E+00,2.099565E+01,4.266765E+01,2.399920E+01,6.002061E+01,2.356802E+03,0.000000E+00,1.216143E-01,0.000000E+00,0.000000E+00,0.000000E+00,0.000000E+00,0.000000E+00,0.000000E+00,0.000000E+00,0.000000E+00,0.000000E+00,2.099530E+01,4.234452E+01,2.392589E+01,6.630544E+01
05:40:00,2.103258E+03,1.359003E+02,1.085331E-01,1.331615E-02,0.000000E+00,0.000000E+00,0.000000E+00,0.000000E+00,0.000000E+00,0.000000E+00,0.000000E+00,0.000000E+00,2.099565E+01,4.266963E+01,2.399915E+01,5.997375E+01,2.357018E+03,0.000000E+00,1.216255E-01,0.000000E+00,0.000000E+00,0.000000E+00,0.000000E+00,0.000000E+00,0.000000E+00,0.000000E+00,0.000000E+00,0.000000E+00,2.099530E+01,4.234521E+01,2.395053E+01,6.640817E+01
05:50:00,2.103820E+03,1.463998E+02,1.085621E-01,1.434502E-02,0.000000E+00,0.000000E+00,0.000000E+00,0.000000E+00,0.000000E+00,0.000000E+00,0.000000E+00,0.000000E+00,2.099565E+01,4.267155E+01,2.399911E+01,5.989423E+01,2.357226E+03,4.521003E-01,1.216362E-01,4.440109E-05,0.000000E+00,0.000000E+00,0.000000E+00,0.000000E+00,0.000000E+00,0.000000E+00,0.000000E+00,0.000000E+00,2.099530E+01,4.234588E+01,2.397627E+01,6.649463E+01
06:00:00,2.104368E+03,1.564567E+02,1.085903E-01,1.533051E-02,0.000000E+00,0.000000E+00,0.000000E+00,0.000000E+00,0.000000E+00,0.000000E+00,0.000000E+00,0.000000E+00,2.099565E+01,4.267343E+01,2.399907E+01,5.979000E+01,2.357428E+03,4.930691E+00,1.216466E-01,4.832039E-04,0.000000E+00,0.000000E+00,0.000000E+00,0.000000E+00,0.000000E+00,0.000000E+00,0.000000E+00,0.000000E+00,2.099530E+01,4.234652E+01,2.399997E+01,6.657087E+01
06:10:00,2.104902E+03,1.651154E+02,1.086179E-01,1.617902E-02,0.000000E+00,0.000000E+00,0.000000E+00,0.000000E+00,0.000000E+00,0.000000E+00,0.000000E+00,0.000000E+00,2.099565E+01,4.267526E+01,2.399905E+01,5.967087E+01,2.357623E+03,9.056530E+00,1.216567E-01,8.874516E-04,0.000000E+00,0.000000E+00,0.000000E+00,0.000000E+00,0.000000E+00,0.000000E+00,0.000000E+00,0.000000E+00,2.099530E+01,4.234715E+01,2.399981E+01,6.666394E+01
06:20:00,2.105423E+03,1.723330E+02,1.086448E-01,1.688630E-02,0.000000E+00,0.000000E+00,0.000000E+00,0.000000E+00,0.000000E+00,0.000000E+00,0.000000E+00,0.000000E+00,2.099565E+01,4.267704E+01,2.399903E+01,5.954199E+01,2.357812E+03,1.497225E+01,1.216665E-01,1.467070E-03,0.000000E+00,0.000000E+00,0.000000E+00,0.000000E+00,0.000000E+00,0.000000E+00,0.000000E+00,0.000000E+00,2.099530E+01,4.234774E+01,2.399982E+01,6.671364E+01
06:30:00,2.105931E+03,1.781943E+02,1.086710E-01,1.746068E-02,0.000000E+00,0.000000E+00,0.000000E+00,0.000000E+00,0.000000E+00,0.000000E+00,0.000000E+00,0.000000E+00,2.099565E+01,4.267877E+01,2.399902E+01,5.940928E+01,2.357995E+03,2.182755E+01,1.216759E-01,2.138753E-03,0.000000E+00,0.000000E+00,0.000000E+00,0.000000E+00,0.000000E+00,0.000000E+00,0.000000E+00,0.000000E+00,2.099530E+01,4.234833E+01,2.399975E+01,6.672109E+01
06:40:00,2.106428E+03,1.827832E+02,1.086966E-01,1.791036E-02,0.000000E+00,0.000000E+00,0.000000E+00,0.000000E+00,0.000000E+00,0.000000E+00,0.000000E+00,0.000000E+00,2.099565E+01,4.268047E+01,2.399902E+01,5.927804E+01,2.358173E+03,2.949437E+01,1.216851E-01,2.889952E-03,0.000000E+00,0.000000E+00,0.000000E+00,0.000000E+00,0.000000E+00,0.000000E+00,0.000000E+00,0.000000E+00,2.099530E+01,4.234889E+01,2.399971E+01,6.669455E+01
06:50:00,2.106912E+03,1.860588E+02,1.087216E-01,1.823129E-02,0.000000E+00,0.000000E+00,0.000000E+00,0.000000E+00,0.000000E+00,0.000000E+00,0.000000E+00,0.000000E+00,2.099565E+01,4.268212E+01,2.399923E+01,5.915282E+01,2.358345E+03,3.743497E+01,1.216939E-01,3.667870E-03,0.000000E+00,0.000000E+00,0.000000E+00,0.000000E+00,0.000000E+00,0.000000E+00,0.000000E+00,0.000000E+00,2.099530E+01,4.234943E+01,2.399973E+01,6.663729E+01
07:00:00,2.107385E+03,1.884680E+02,1.087460E-01,1.846724E-02,0.000000E+00,0.000000E+00,0.000000E+00,0.000000E+00,0.000000E+00,0.000000E+00,0.000000E+00,0.000000E+00,2.099565E+01,4.268373E+01,2.399944E+01,5.907918E+01,2.358512E+03,4.232015E+01,1.217026E-01,4.146527E-03,0.000000E+00,0.000000E+00,0.000000E+00,0.000000E+00,0.000000E+00,0.000000E+00,0.000000E+00,0.000000E+00,2.099530E+01,4.234996E+01,2.399978E+01,6.657753E+01
07:10:00,1.995802E+03,2.953797E+02,1.029881E-01,2.894379E-02,0.000000E+00,0.000000E+00,0.000000E+00,0.000000E+00,0.000000E+00,0.000000E+00,0.000000E+00,0.000000E+00,2.099565E+01,4.268530E+01,2.399860E+01,5.891108E+01,2.352045E+03,5.565431E+01,1.213689E-01,5.453024E-03,0.000000E+00,0.000000E+00,0.000000E+00,0.000000E+00,0.000000E+00,0.000000E+00,0.000000E+00,0.000000E+00,2.099530E+01,4.235047E+01,2.399968E+01,6.644805E+01
07:20:00,1.948527E+03,3.373005E+02,1.005497E-01,3.305205E-02,0.000000E+00,0.000000E+00,0.000000E+00,0.000000E+00,0.000000E+00,0.000000E+00,0.000000E+00,0.000000E+00,2.099695E+01,4.318878E+01,2.399824E+01,5.858058E+01,2.344292E+03,7.014640E+01,1.209689E-01,6.873004E-03,0.000000E+00,0.000000E+00,0.000000E+00,0.000000E+00,0.000000E+00,0.000000E+00,0.000000E+00,0.000000E+00,2.099537E+01,4.233151E+01,2.399955E+01,6.617317E+01
07:30:00,1.900187E+03,3.805258E+02,9.805589E-02,3.728776E-02,0.000000E+00,0.000000E+00,0.000000E+00,0.000000E+00,0.000000E+00,0.000000E+00,0.000000E+00,0.000000E+00,2.099650E+01,4.357741E+01,2.399878E+01,5.841143E+01,2.335610E+03,8.654248E+01,1.205210E-01,8.479552E-03,0.000000E+00,0.000000E+00,0.000000E+00,0.000000E+00,0.000000E+00,0.000000E+00,0.000000E+00,0.000000E+00,2.099538E+01,4.230167E+01,2.399949E+01,6.579638E+01
07:40:00,1.692375E+03,5.834087E+02,8.733268E-02,5.717058E-02,0.000000E+00,0.000000E+00,0.000000E+00,0.000000E+00,0.000000E+00,0.000000E+00,0.000000E+00,0.000000E+00,2.099663E+01,4.376291E+01,2.399776E+01,5.796186E+01,2.326142E+03,1.050223E+02,1.200325E-01,1.029028E-02,0.000000E+00,0.000000E+00,0.000000E+00,0.000000E+00,0.000000E+00,0.000000E+00,0.000000E+00,0.000000E+00,2.099538E+01,4.227099E+01,2.399944E+01,6.537075E+01
07:50:00,1.641713E+03,6.303253E+02,8.472066E-02,6.176887E-02,0.000000E+00,0.000000E+00,0.000000E+00,0.000000E+00,0.000000E+00,0.000000E+00,0.000000E+00,0.000000E+00,2.099838E+01,4.336985E+01,2.399773E+01,5.639162E+01,2.316000E+03,1.257923E+02,1.195092E-01,1.232543E-02,0.000000E+00,0.000000E+00,0.000000E+00,0.000000E+00,0.000000E+00,0.000000E+00,0.000000E+00,0.000000E+00,2.099537E+01,4.224412E+01,2.399939E+01,6.490570E+01
08:00:00,1.590751E+03,6.793916E+02,8.209177E-02,6.657694E-02,0.000000E+00,0.000000E+00,0.000000E+00,0.000000E+00,0.000000E+00,0.000000E+00,0.000000E+00,0.000000E+00,2.099671E+01,4.320847E+01,2.399894E+01,5.587003E+01,2.305271E+03,1.487242E+02,1.189556E-01,1.457243E-02,0.000000E+00,0.000000E+00,0.000000E+00,0.000000E+00,0.000000E+00,0.000000E+00,0.000000E+00,0.000000E+00,2.099536E+01,4.222176E+01,2.399934E+01,6.440443E+01
08:10:00,1.696522E+03,5.870578E+02,8.755063E-02,5.752869E-02,0.000000E+00,0.000000E+00,0.000000E+00,0.000000E+00,0.000000E+00,0.000000E+00,0.000000E+00,0.000000E+00,2.099652E+01,4.327718E+01,2.399936E+01,5.598032E+01,2.307275E+03,1.609133E+02,1.190591E-01,1.576679E-02,0.000000E+00,0.000000E+00,0.000000E+00,0.000000E+00,0.000000E+00,0.000000E+00,0.000000E+00,0.000000E+00,2.099535E+01,4.220308E+01,2.399948E+01,6.403131E+01
08:20:00,1.739443E+03,5.605022E+02,8.976474E-02,5.492578E-02,0.000000E+00,0.000000E+00,0.000000E+00,0.000000E+00,0.000000E+00,0.000000E+00,0.000000E+00,0.000000E+00,2.099606E+01,4.323071E+01,2.399957E+01,5.594843E+01,2.311391E+03,1.728436E+02,1.192714E-01,1.693575E-02,0.000000E+00,0.000000E+00,0.000000E+00,0.000000E+00,0.000000E+00,0.000000E+00,0.000000E+00,0.000000E+00,2.099527E+01,4.220697E+01,2.399954E+01,6.367545E+01
08:30:00,1.784128E+03,5.339600E+02,9.207021E-02,5.232455E-02,0.000000E+00,0.000000E+00,0.000000E+00,0.000000E+00,0.000000E+00,0.000000E+00,0.000000E+00,0.000000E+00,2.099598E+01,4.309667E+01,2.399956E+01,5.590611E+01,2.316954E+03,1.848420E+02,1.195583E-01,1.811138E-02,0.000000E+00,0.000000E+00,0.000000E+00,0.000000E+00,0.000000E+00,0.000000E+00,0.000000E+00,0.000000E+00,2.099526E+01,4.222402E+01,2.399951E+01,6.319811E+01
08:40:00,1.988849E+03,3.494031E+02,1.026342E-01,3.423719E-02,0.000000E+00,0.000000E+00,0.000000E+00,0.000000E+00,0.000000E+00,0.000000E+00,0.000000E+00,0.000000E+00,2.099591E+01,4.295695E+01,2.399954E+01,5.584244E+01,2.323722E+03,1.969460E+02,1.199074E-01,1.929734E-02,0.000000E+00,0.000000E+00,0.000000E+00,0.000000E+00,0.000000E+00,0.000000E+00,0.000000E+00,0.000000E+00,2.099526E+01,4.224365E+01,2.399949E+01,6.269881E+01
08:50:00,2.036864E+03,3.226367E+02,1.051098E-01,3.161318E-02,0.000000E+00,0.000000E+00,0.000000E+00,0.000000E+00,0.000000E+00,0.000000E+00,0.000000E+00,0.000000E+00,2.099583E+01,4.285109E+01,2.399953E+01,5.575746E+01,2.331509E+03,2.090847E+02,1.203092E-01,2.048671E-02,0.000000E+00,0.000000E+00,0.000000E+00,0.000000E+00,0.000000E+00,0.000000E+00,0.000000E+00,0.000000E+00,2.099527E+01,4.226082E+01,2.399946E+01,6.218134E+01
09:00:00,2.085521E+03,2.956894E+02,1.076199E-01,2.897235E-02,0.000000E+00,0.000000E+00,0.000000E+00,0.000000E+00,0.000000E+00,0.000000E+00,0.000000E+00,0.000000E+00,2.099577E+01,4.278228E+01,2.399952E+01,5.565286E+01,2.340162E+03,2.211638E+02,1.207556E-01,2.167023E-02,0.000000E+00,0.000000E+00,0.000000E+00,0.000000E+00,0.000000E+00,0.000000E+00,0.000000E+00,0.000000E+00,2.099528E+01,4.227462E+01,2.399944E+01,6.165061E+01
09:10:00,2.089774E+03,3.066930E+02,1.078386E-01,3.005046E-02,0.000000E+00,0.000000E+00,0.000000E+00,0.000000E+00,0.000000E+00,0.000000E+00,0.000000E+00,0.000000E+00,2.099573E+01,4.274014E+01,2.399950E+01,5.553049E+01,2.342946E+03,2.388115E+02,1.208992E-01,2.339942E-02,0.000000E+00,0.000000E+00,0.000000E+00,0.000000E+00,0.000000E+00,0.000000E+00,0.000000E+00,0.000000E+00,2.099528E+01,4.228569E+01,2.399942E+01,6.111253E+01
09:20:00,2.092792E+03,3.184441E+02,1.079940E-01,3.120189E-02,0.000000E+00,0.000000E+00,0.000000E+00,0.000000E+00,0.000000E+00,0.000000E+00,0.000000E+00,0.000000E+00,2.099570E+01,4.271427E+01,2.399949E+01,5.539271E+01,2.345105E+03,2.566767E+02,1.210105E-01,2.514995E-02,0.000000E+00,0.000000E+00,0.000000E+00,0.000000E+00,0.000000E+00,0.000000E+00,0.000000E+00,0.000000E+00,2.099528E+01,4.229480E+01,2.399941E+01,6.057409E+01
09:30:00,2.095297E+03,3.307329E+02,1.081229E-01,3.240602E-02,0.000000E+00,0.000000E+00,0.000000E+00,0.000000E+00,0.000000E+00,0.000000E+00,0.000000E+00,0.000000E+00,2.099568E+01,4.269801E+01,2.399948E+01,5.524078E+01,2.346917E+03,2.745077E+02,1.211041E-01,2.689714E-02,0.000000E+00,0.000000E+00,0.000000E+00,0.000000E+00,0.000000E+00,0.000000E+00,0.000000E+00,0.000000E+00,2.099529E+01,4.230250E+01,2.399939E+01,6.004028E+01
09:40:00,2.097390E+03,3.435470E+02,1.082307E-01,3.366162E-02,0.000000E+00,0.000000E+00,0.000000E+00,0.000000E+00,0.000000E+00,0.000000E+00,0.000000E+00,0.000000E+00,2.099567E+01,4.268776E+01,2.399947E+01,5.507577E+01,2.348460E+03,2.921760E+02,1.211838E-01,2.862838E-02,0.000000E+00,0.000000E+00,0.000000E+00,0.000000E+00,0.000000E+00,0.000000E+00,0.000000E+00,0.000000E+00,2.099529E+01,4.230910E+01,2.399938E+01,5.951511E+01
09:50:00,2.099168E+03,3.568927E+02,1.083223E-01,3.496931E-02,0.000000E+00,0.000000E+00,0.000000E+00,0.000000E+00,0.000000E+00,0.000000E+00,0.000000E+00,0.000000E+00,2.099566E+01,4.268156E+01,2.399946E+01,5.489917E+01,2.349789E+03,3.095853E+02,1.212523E-01,3.033425E-02,0.000000E+00,0.000000E+00,0.000000E+00,0.000000E+00,0.000000E+00,0.000000E+00,0.000000E+00,0.000000E+00,2.099529E+01,4.231479E+01,2.399938E+01,5.900211E+01
10:00:00,2.100712E+03,3.708215E+02,1.084019E-01,3.633412E-02,0.000000E+00,0.000000E+00,0.000000E+00,0.000000E+00,0.000000E+00,0.000000E+00,0.000000E+00,0.000000E+00,2.099566E+01,4.267821E+01,2.399945E+01,5.471247E+01,2.350953E+03,3.266864E+02,1.213124E-01,3.200991E-02,0.000000E+00,0.000000E+00,0.000000E+00,0.000000E+00,0.000000E+00,0.000000E+00,0.000000E+00,0.000000E+00,2.099529E+01,4.231971E+01,2.399937E+01,5.850422E+01
10:10:00,2.102065E+03,3.851741E+02,1.084716E-01,3.774047E-02,0.000000E+00,0.000000E+00,0.000000E+00,0.000000E+00,0.000000E+00,0.000000E+00,0.000000E+00,0.000000E+00,2.099565E+01,4.267685E+01,2.399944E+01,5.451737E+01,2.351980E+03,3.434182E+02,1.213654E-01,3.364938E-02,0.000000E+00,0.000000E+00,0.000000E+00,0.000000E+00,0.000000E+00,0.000000E+00,0.000000E+00,0.000000E+00,2.099529E+01,4.232397E+01,2.399937E+01,5.802426E+01
10:20:00,2.103242E+03,3.998300E+02,1.085323E-01,3.917653E-02,0.000000E+00,0.000000E+00,0.000000E+00,0.000000E+00,0.000000E+00,0.000000E+00,0.000000E+00,0.000000E+00,2.099565E+01,4.267684E+01,2.399943E+01,5.431750E+01,2.352874E+03,3.597498E+02,1.214116E-01,3.524964E-02,0.000000E+00,0.000000E+00,0.000000E+00,0.000000E+00,0.000000E+00,0.000000E+00,0.000000E+00,0.000000E+00,2.099530E+01,4.232768E+01,2.399937E+01,5.756560E+01
10:30:00,2.104276E+03,4.146622E+02,1.085856E-01,4.062988E-02,0.000000E+00,0.000000E+00,0.000000E+00,0.000000E+00,0.000000E+00,0.000000E+00,0.000000E+00,0.000000E+00,2.099565E+01,4.267765E+01,2.399943E+01,5.411523E+01,2.353653E+03,3.756820E+02,1.214518E-01,3.681074E-02,0.000000E+00,0.000000E+00,0.000000E+00,0.000000E+00,0.000000E+00,0.000000E+00,0.000000E+00,0.000000E+00,2.099530E+01,4.233088E+01,2.399937E+01,5.712949E+01
10:40:00,2.105194E+03,4.295446E+02,1.086330E-01,4.208813E-02,0.000000E+00,0.000000E+00,0.000000E+00,0.000000E+00,0.000000E+00,0.000000E+00,0.000000E+00,0.000000E+00,2.099565E+01,4.267893E+01,2.399942E+01,5.391237E+01,2.354334E+03,3.912515E+02,1.214869E-01,3.833631E-02,0.000000E+00,0.000000E+00,0.000000E+00,0.000000E+00,0.000000E+00,0.000000E+00,0.000000E+00,0.000000E+00,2.099530E+01,4.233363E+01,2.399937E+01,5.671597E+01
10:50:00,2.106016E+03,4.444021E+02,1.086754E-01,4.354394E-02,0.000000E+00,0.000000E+00,0.000000E+00,0.000000E+00,0.000000E+00,0.000000E+00,0.000000E+00,0.000000E+00,2.099565E+01,4.268051E+01,2.399942E+01,5.371063E+01,2.354932E+03,4.065411E+02,1.215178E-01,3.983445E-02,0.000000E+00,0.000000E+00,0.000000E+00,0.000000E+00,0.000000E+00,0.000000E+00,0.000000E+00,0.000000E+00,2.099530E+01,4.233600E+01,2.399937E+01,5.632440E+01
11:00:00,2.106758E+03,4.590471E+02,1.087137E-01,4.497893E-02,0.000000E+00,0.000000E+00,0.000000E+00,0.000000E+00,0.000000E+00,0.000000E+00,0.000000E+00,0.000000E+00,2.099565E+01,4.268225E+01,2.399942E+01,5.351136E+01,2.355460E+03,4.216209E+02,1.215451E-01,4.131203E-02,0.000000E+00,0.000000E+00,0.000000E+00,0.000000E+00,0.000000E+00,0.000000E+00,0.000000E+00,0.000000E+00,2.099530E+01,4.233809E+01,2.399937E+01,5.595361E+01
11:10:00,2.107432E+03,4.733253E+02,1.087485E-01,4.637797E-02,0.000000E+00,0.000000E+00,0.000000E+00,0.000000E+00,0.000000E+00,0.000000E+00,0.000000E+00,0.000000E+00,2.099565E+01,4.268407E+01,2.399942E+01,5.331653E+01,2.355928E+03,4.363449E+02,1.215692E-01,4.275475E-02,0.000000E+00,0.000000E+00,0.000000E+00,0.000000E+00,0.000000E+00,0.000000E+00,0.000000E+00,0.000000E+00,2.099530E+01,4.233993E+01,2.399937E+01,5.560358E+01
11:20:00,2.108069E+03,4.871955E+02,1.087813E-01,4.773704E-02,0.000000E+00,0.000000E+00,0.000000E+00,0.000000E+00,0.000000E+00,0.000000E+00,0.000000E+00,0.000000E+00,2.099565E+01,4.268594E+01,2.399942E+01,5.312913E+01,2.356358E+03,4.507662E+02,1.215914E-01,4.416780E-02,0.000000E+00,0.000000E+00,0.000000E+00,0.000000E+00,0.000000E+00,0.000000E+00,0.000000E+00,0.000000E+00,2.099530E+01,4.234159E+01,2.399937E+01,5.527625E+01
11:30:00,2.108672E+03,5.006389E+02,1.088124E-01,4.905428E-02,0.000000E+00,0.000000E+00,0.000000E+00,0.000000E+00,0.000000E+00,0.000000E+00,0.000000E+00,0.000000E+00,2.099565E+01,4.268779E+01,2.399942E+01,5.294990E+01,2.356758E+03,4.649160E+02,1.216121E-01,4.555424E-02,0.000000E+00,0.000000E+00,0.000000E+00,0.000000E+00,0.000000E+00,0.000000E+00,0.000000E+00,0.000000E+00,2.099530E+01,4.234309E+01,2.399938E+01,5.497075E+01
11:40:00,2.109242E+03,5.136521E+02,1.088419E-01,5.032936E-02,0.000000E+00,0.000000E+00,0.000000E+00,0.000000E+00,0.000000E+00,0.000000E+00,0.000000E+00,0.000000E+00,2.099565E+01,4.268962E+01,2.399942E+01,5.277874E+01,2.357130E+03,4.787998E+02,1.216312E-01,4.691462E-02,0.000000E+00,0.000000E+00,0.000000E+00,0.000000E+00,0.000000E+00,0.000000E+00,0.000000E+00,0.000000E+00,2.099530E+01,4.234445E+01,2.399938E+01,5.468533E+01
11:50:00,2.109784E+03,5.262173E+02,1.088698E-01,5.156054E-02,0.000000E+00,0.000000E+00,0.000000E+00,0.000000E+00,0.000000E+00,0.000000E+00,0.000000E+00,0.000000E+00,2.099565E+01,4.269140E+01,2.399942E+01,5.261550E+01,2.357475E+03,4.923740E+02,1.216490E-01,4.824466E-02,0.000000E+00,0.000000E+00,0.000000E+00,0.000000E+00,0.000000E+00,0.000000E+00,0.000000E+00,0.000000E+00,2.099530E+01,4.234569E+01,2.399938E+01,5.441836E+01
12:00:00,2.110299E+03,5.383137E+02,1.088964E-01,5.274578E-02,0.000000E+00,0.000000E+00,0.000000E+00,0.000000E+00,0.000000E+00,0.000000E+00,0.000000E+00,0.000000E+00,2.099565E+01,4.269313E+01,2.399942E+01,5.246002E+01,2.357795E+03,5.055967E+02,1.216656E-01,4.954025E-02,0.000000E+00,0.000000E+00,0.000000E+00,0.000000E+00,0.000000E+00,0.000000E+00,0.000000E+00,0.000000E+00,2.099530E+01,4.234683E+01,2.399938E+01,5.416841E+01
12:10:00,2.110791E+03,5.501039E+02,1.089218E-01,5.390102E-02,0.000000E+00,0.000000E+00,0.000000E+00,0.000000E+00,0.000000E+00,0.000000E+00,0.000000E+00,0.000000E+00,2.099565E+01,4.269480E+01,2.399942E+01,5.231243E+01,2.358093E+03,5.186704E+02,1.216810E-01,5.082126E-02,0.000000E+00,0.000000E+00,0.000000E+00,0.000000E+00,0.000000E+00,0.000000E+00,0.000000E+00,0.000000E+00,2.099530E+01,4.234787E+01,2.399938E+01,5.393448E+01
12:20:00,2.111262E+03,5.615840E+02,1.089461E-01,5.502600E-02,0.000000E+00,0.000000E+00,0.000000E+00,0.000000E+00,0.000000E+00,0.000000E+00,0.000000E+00,0.000000E+00,2.099565E+01,4.269641E+01,2.399930E+01,5.224787E+01,2.358372E+03,5.316013E+02,1.216953E-01,5.208838E-02,0.000000E+00,0.000000E+00,0.000000E+00,0.000000E+00,0.000000E+00,0.000000E+00,0.000000E+00,0.000000E+00,2.099530E+01,4.234884E+01,2.399926E+01,5.383359E+01
12:30:00,2.111714E+03,5.727063E+02,1.089694E-01,5.611604E-02,0.000000E+00,0.000000E+00,0.000000E+00,0.000000E+00,0.000000E+00,0.000000E+00,0.000000E+00,0.000000E+00,2.099565E+01,4.269797E+01,2.399917E+01,5.215462E+01,2.358632E+03,5.443441E+02,1.217087E-01,5.333720E-02,0.000000E+00,0.000000E+00,0.000000E+00,0.000000E+00,0.000000E+00,0.000000E+00,0.000000E+00,0.000000E+00,2.099530E+01,4.234974E+01,2.399912E+01,5.369036E+01
12:40:00,2.112148E+03,5.834062E+02,1.089918E-01,5.716453E-02,0.000000E+00,0.000000E+00,0.000000E+00,0.000000E+00,0.000000E+00,0.000000E+00,0.000000E+00,0.000000E+00,2.099565E+01,4.269946E+01,2.399933E+01,5.204644E+01,2.358875E+03,5.568442E+02,1.217213E-01,5.456210E-02,0.000000E+00,0.000000E+00,0.000000E+00,0.000000E+00,0.000000E+00,0.000000E+00,0.000000E+00,0.000000E+00,2.099530E+01,4.235057E+01,2.399929E+01,5.352438E+01
12:50:00,2.112566E+03,5.937376E+02,1.090134E-01,5.817697E-02,0.000000E+00,0.000000E+00,0.000000E+00,0.000000E+00,0.000000E+00,0.000000E+00,0.000000E+00,0.000000E+00,2.099565E+01,4.270091E+01,2.399929E+01,5.200301E+01,2.359103E+03,5.691813E+02,1.217331E-01,5.577107E-02,0.000000E+00,0.000000E+00,0.000000E+00,0.000000E+00,0.000000E+00,0.000000E+00,0.000000E+00,0.000000E+00,2.099530E+01,4.235135E+01,2.399924E+01,5.345834E+01
13:00:00,2.112970E+03,6.036289E+02,1.090342E-01,5.914641E-02,0.000000E+00,0.000000E+00,0.000000E+00,0.000000E+00,0.000000E+00,0.000000E+00,0.000000E+00,0.000000E+00,2.099565E+01,4.270230E+01,2.399917E+01,5.190827E+01,2.359318E+03,5.812919E+02,1.217442E-01,5.695798E-02,0.000000E+00,0.000000E+00,0.000000E+00,0.000000E+00,0.000000E+00,0.000000E+00,0.000000E+00,0.000000E+00,2.099530E+01,4.235208E+01,2.399911E+01,5.331409E+01
13:10:00,2.113360E+03,6.129804E+02,1.090544E-01,6.006280E-02,0.000000E+00,0.000000E+00,0.000000E+00,0.000000E+00,0.000000E+00,0.000000E+00,0.000000E+00,0.000000E+00,2.099565E+01,4.270364E+01,2.399932E+01,5.180306E+01,2.359520E+03,5.930630E+02,1.217546E-01,5.811147E-02,0.000000E+00,0.000000E+00,0.000000E+00,0.000000E+00,0.000000E+00,0.000000E+00,0.000000E+00,0.000000E+00,2.099530E+01,4.235276E+01,2.399928E+01,5.315336E+01
13:20:00,2.113738E+03,6.218405E+02,1.090739E-01,6.093097E-02,0.000000E+00,0.000000E+00,0.000000E+00,0.000000E+00,0.000000E+00,0.000000E+00,0.000000E+00,0.000000E+00,2.099565E+01,4.270494E+01,2.399929E+01,5.176168E+01,2.359710E+03,6.045658E+02,1.217644E-01,5.923858E-02,0.000000E+00,0.000000E+00,0.000000E+00,0.000000E+00,0.000000E+00,0.000000E+00,0.000000E+00,0.000000E+00,2.099530E+01,4.235339E+01,2.399924E+01,5.308954E+01
13:30:00,2.114104E+03,6.302003E+02,1.090927E-01,6.175012E-02,0.000000E+00,0.000000E+00,0.000000E+00,0.000000E+00,0.000000E+00,0.000000E+00,0.000000E+00,0.000000E+00,2.099565E+01,4.270620E+01,2.399917E+01,5.167341E+01,2.359890E+03,6.158072E+02,1.217737E-01,6.034010E-02,0.000000E+00,0.000000E+00,0.000000E+00,0.000000E+00,0.000000E+00,0.000000E+00,0.000000E+00,0.000000E+00,2.099530E+01,4.235399E+01,2.399911E+01,5.295245E+01
13:40:00,2.114459E+03,6.381141E+02,1.091111E-01,6.252570E-02,0.000000E+00,0.000000E+00,0.000000E+00,0.000000E+00,0.000000E+00,0.000000E+00,0.000000E+00,0.000000E+00,2.099565E+01,4.270742E+01,2.399918E+01,5.154591E+01,2.360060E+03,6.269290E+02,1.217825E-01,6.143005E-02,0.000000E+00,0.000000E+00,0.000000E+00,0.000000E+00,0.000000E+00,0.000000E+00,0.000000E+00,0.000000E+00,2.099530E+01,4.235456E+01,2.399912E+01,5.275284E+01
13:50:00,2.114803E+03,6.455346E+02,1.091288E-01,6.325291E-02,0.000000E+00,0.000000E+00,0.000000E+00,0.000000E+00,0.000000E+00,0.000000E+00,0.000000E+00,0.000000E+00,2.099565E+01,4.270860E+01,2.399918E+01,5.143087E+01,2.360222E+03,6.379627E+02,1.217908E-01,6.251131E-02,0.000000E+00,0.000000E+00,0.000000E+00,0.000000E+00,0.000000E+00,0.000000E+00,0.000000E+00,0.000000E+00,2.099530E+01,4.235509E+01,2.399913E+01,5.256923E+01
14:00:00,2.115139E+03,6.526291E+02,1.091461E-01,6.394805E-02,0.000000E+00,0.000000E+00,0.000000E+00,0.000000E+00,0.000000E+00,0.000000E+00,0.000000E+00,0.000000E+00,2.099565E+01,4.270975E+01,2.399918E+01,5.134111E+01,2.360375E+03,6.491818E+02,1.217987E-01,6.361061E-02,0.000000E+00,0.000000E+00,0.000000E+00,0.000000E+00,0.000000E+00,0.000000E+00,0.000000E+00,0.000000E+00,2.099530E+01,4.235560E+01,2.399913E+01,5.242299E+01
14:10:00,2.115465E+03,6.591278E+02,1.091630E-01,6.458555E-02,0.000000E+00,0.000000E+00,0.000000E+00,0.000000E+00,0.000000E+00,0.000000E+00,0.000000E+00,0.000000E+00,2.099565E+01,4.271086E+01,2.399866E+01,5.127315E+01,2.360521E+03,6.603281E+02,1.218062E-01,6.470358E-02,0.000000E+00,0.000000E+00,0.000000E+00,0.000000E+00,0.000000E+00,0.000000E+00,0.000000E+00,0.000000E+00,2.099530E+01,4.235608E+01,2.399856E+01,5.230815E+01
14:20:00,2.115782E+03,6.649814E+02,1.091794E-01,6.515984E-02,0.000000E+00,0.000000E+00,0.000000E+00,0.000000E+00,0.000000E+00,0.000000E+00,0.000000E+00,0.000000E+00,2.099565E+01,4.271194E+01,2.399864E+01,5.119032E+01,2.360659E+03,6.715228E+02,1.218134E-01,6.580129E-02,0.000000E+00,0.000000E+00,0.000000E+00,0.000000E+00,0.000000E+00,0.000000E+00,0.000000E+00,0.000000E+00,2.099530E+01,4.235653E+01,2.399854E+01,5.216461E+01
14:30:00,2.116091E+03,6.702670E+02,1.091953E-01,6.567833E-02,0.000000E+00,0.000000E+00,0.000000E+00,0.000000E+00,0.000000E+00,0.000000E+00,0.000000E+00,0.000000E+00,2.099565E+01,4.271299E+01,2.399865E+01,5.111827E+01,2.360792E+03,6.827654E+02,1.218202E-01,6.690356E-02,0.000000E+00,0.000000E+00,0.000000E+00,0.000000E+00,0.000000E+00,0.000000E+00,0.000000E+00,0.000000E+00,2.099530E+01,4.235696E+01,2.399854E+01,5.203285E+01
14:40:00,2.116393E+03,6.749933E+02,1.092109E-01,6.614202E-02,0.000000E+00,0.000000E+00,0.000000E+00,0.000000E+00,0.000000E+00,0.000000E+00,0.000000E+00,0.000000E+00,2.099565E+01,4.271402E+01,2.399866E+01,5.105576E+01,2.360918E+03,6.939800E+02,1.218267E-01,6.800311E-02,0.000000E+00,0.000000E+00,0.000000E+00,0.000000E+00,0.000000E+00,0.000000E+00,0.000000E+00,0.000000E+00,2.099530E+01,4.235738E+01,2.399855E+01,5.191145E+01
14:50:00,2.116687E+03,6.791480E+02,1.092261E-01,6.654971E-02,0.000000E+00,0.000000E+00,0.000000E+00,0.000000E+00,0.000000E+00,0.000000E+00,0.000000E+00,0.000000E+00,2.099565E+01,4.271501E+01,2.399866E+01,5.100125E+01,2.361039E+03,7.050342E+02,1.218330E-01,6.908695E-02,0.000000E+00,0.000000E+00,0.000000E+00,0.000000E+00,0.000000E+00,0.000000E+00,0.000000E+00,0.000000E+00,2.099530E+01,4.235777E+01,2.399856E+01,5.179890E+01
15:00:00,2.116974E+03,6.826251E+02,1.092409E-01,6.689099E-02,0.000000E+00,0.000000E+00,0.000000E+00,0.000000E+00,0.000000E+00,0.000000E+00,0.000000E+00,0.000000E+00,2.099565E+01,4.271599E+01,2.399867E+01,5.095338E+01,2.361155E+03,7.156586E+02,1.218389E-01,7.012868E-02,0.000000E+00,0.000000E+00,0.000000E+00,0.000000E+00,0.000000E+00,0.000000E+00,0.000000E+00,0.000000E+00,2.099530E+01,4.235814E+01,2.399856E+01,5.169401E+01
15:10:00,2.117255E+03,6.855377E+02,1.092553E-01,6.717638E-02,0.000000E+00,0.000000E+00,0.000000E+00,0.000000E+00,0.000000E+00,0.000000E+00,0.000000E+00,0.000000E+00,2.099565E+01,4.271693E+01,2.399868E+01,5.091114E+01,2.361266E+03,7.258384E+02,1.218447E-01,7.112621E-02,0.000000E+00,0.000000E+00,0.000000E+00,0.000000E+00,0.000000E+00,0.000000E+00,0.000000E+00,0.000000E+00,2.099530E+01,4.235850E+01,2.399857E+01,5.159602E+01
15:20:00,2.117528E+03,6.878671E+02,1.092695E-01,6.740458E-02,0.000000E+00,0.000000E+00,0.000000E+00,0.000000E+00,0.000000E+00,0.000000E+00,0.000000E+00,0.000000E+00,2.099565E+01,4.271786E+01,2.399869E+01,5.087549E+01,2.361372E+03,7.352528E+02,1.218502E-01,7.204870E-02,0.000000E+00,0.000000E+00,0.000000E+00,0.000000E+00,0.000000E+00,0.000000E+00,0.000000E+00,0.000000E+00,2.099530E+01,4.235885E+01,2.399858E+01,5.150659E+01
15:30:00,2.117796E+03,6.895736E+02,1.092833E-01,6.757175E-02,0.000000E+00,0.000000E+00,0.000000E+00,0.000000E+00,0.000000E+00,0.000000E+00,0.000000E+00,0.000000E+00,2.099565E+01,4.271876E+01,2.399870E+01,5.084665E+01,2.361475E+03,7.437925E+02,1.218555E-01,7.288547E-02,0.000000E+00,0.000000E+00,0.000000E+00,0.000000E+00,0.000000E+00,0.000000E+00,0.000000E+00,0.000000E+00,2.099530E+01,4.235917E+01,2.399859E+01,5.142650E+01
15:40:00,2.118058E+03,6.906366E+02,1.092968E-01,6.767586E-02,0.000000E+00,0.000000E+00,0.000000E+00,0.000000E+00,0.000000E+00,0.000000E+00,0.000000E+00,0.000000E+00,2.099565E+01,4.271964E+01,2.399870E+01,5.082400E+01,2.361573E+03,7.512814E+02,1.218605E-01,7.361926E-02,0.000000E+00,0.000000E+00,0.000000E+00,0.000000E+00,0.000000E+00,0.000000E+00,0.000000E+00,0.000000E+00,2.099530E+01,4.235949E+01,2.399860E+01,5.135556E+01
15:50:00,2.118314E+03,6.910532E+02,1.093100E-01,6.771663E-02,0.000000E+00,0.000000E+00,0.000000E+00,0.000000E+00,0.000000E+00,0.000000E+00,0.000000E+00,0.000000E+00,2.099565E+01,4.272051E+01,2.399871E+01,5.080667E+01,2.361668E+03,7.575777E+02,1.218654E-01,7.423619E-02,0.000000E+00,0.000000E+00,0.000000E+00,0.000000E+00,0.000000E+00,0.000000E+00,0.000000E+00,0.000000E+00,2.099530E+01,4.235979E+01,2.399861E+01,5.129327E+01
16:00:00,2.118564E+03,6.908206E+02,1.093229E-01,6.769379E-02,0.000000E+00,0.000000E+00,0.000000E+00,0.000000E+00,0.000000E+00,0.000000E+00,0.000000E+00,0.000000E+00,2.099565E+01,4.272135E+01,2.399871E+01,5.079385E+01,2.361759E+03,7.625554E+02,1.218701E-01,7.472390E-02,0.000000E+00,0.000000E+00,0.000000E+00,0.000000E+00,0.000000E+00,0.000000E+00,0.000000E+00,0.000000E+00,2.099530E+01,4.236009E+01,2.399861E+01,5.123915E+01
16:10:00,2.118809E+03,6.901938E+02,1.093355E-01,6.763232E-02,0.000000E+00,0.000000E+00,0.000000E+00,0.000000E+00,0.000000E+00,0.000000E+00,0.000000E+00,0.000000E+00,2.099565E+01,4.272217E+01,2.399872E+01,5.078492E+01,2.361848E+03,7.664278E+02,1.218747E-01,7.510329E-02,0.000000E+00,0.000000E+00,0.000000E+00,0.000000E+00,0.000000E+00,0.000000E+00,0.000000E+00,0.000000E+00,2.099530E+01,4.236037E+01,2.399862E+01,5.119288E+01
16:20:00,2.119048E+03,6.888885E+02,1.093479E-01,6.750436E-02,0.000000E+00,0.000000E+00,0.000000E+00,0.000000E+00,0.000000E+00,0.000000E+00,0.000000E+00,0.000000E+00,2.099565E+01,4.272298E+01,2.399873E+01,5.077996E+01,2.361933E+03,7.688803E+02,1.218791E-01,7.534355E-02,0.000000E+00,0.000000E+00,0.000000E+00,0.000000E+00,0.000000E+00,0.000000E+00,0.000000E+00,0.000000E+00,2.099530E+01,4.236064E+01,2.399863E+01,5.115485E+01
16:30:00,2.119283E+03,6.870488E+02,1.093600E-01,6.732405E-02,0.000000E+00,0.000000E+00,0.000000E+00,0.000000E+00,0.000000E+00,0.000000E+00,0.000000E+00,0.000000E+00,2.099565E+01,4.272376E+01,2.399873E+01,5.078008E+01,2.362015E+03,7.700196E+02,1.218833E-01,7.545512E-02,0.000000E+00,0.000000E+00,0.000000E+00,0.000000E+00,0.000000E+00,0.000000E+00,0.000000E+00,0.000000E+00,2.099530E+01,4.236090E+01,2.399865E+01,5.112615E+01
16:40:00,2.096172E+03,7.037417E+02,1.081674E-01,6.895975E-02,0.000000E+00,0.000000E+00,0.000000E+00,0.000000E+00,0.000000E+00,0.000000E+00,0.000000E+00,0.000000E+00,2.099565E+01,4.272454E+01,2.399874E+01,5.078491E+01,2.362097E+03,7.699648E+02,1.218876E-01,7.544967E-02,0.000000E+00,0.000000E+00,0.000000E+00,0.000000E+00,0.000000E+00,0.000000E+00,0.000000E+00,0.000000E+00,2.099530E+01,4.236115E+01,2.399866E+01,5.110640E+01
16:50:00,2.072387E+03,7.205061E+02,1.069403E-01,7.060238E-02,0.000000E+00,0.000000E+00,0.000000E+00,0.000000E+00,0.000000E+00,0.000000E+00,0.000000E+00,0.000000E+00,2.099591E+01,4.315126E+01,2.399879E+01,5.129944E+01,2.362180E+03,7.688648E+02,1.218918E-01,7.534148E-02,0.000000E+00,0.000000E+00,0.000000E+00,0.000000E+00,0.000000E+00,0.000000E+00,0.000000E+00,0.000000E+00,2.099530E+01,4.236141E+01,2.399892E+01,5.109499E+01
17:00:00,2.048180E+03,7.376658E+02,1.056916E-01,7.228351E-02,0.000000E+00,0.000000E+00,0.000000E+00,0.000000E+00,0.000000E+00,0.000000E+00,0.000000E+00,0.000000E+00,2.099613E+01,4.374335E+01,2.399899E+01,5.181344E+01,2.362261E+03,7.670322E+02,1.218960E-01,7.516118E-02,0.000000E+00,0.000000E+00,0.000000E+00,0.000000E+00,0.000000E+00,0.000000E+00,0.000000E+00,0.000000E+00,2.099530E+01,4.236166E+01,2.399920E+01,5.109315E+01
17:10:00,2.017165E+03,7.616900E+02,1.040918E-01,7.463747E-02,0.000000E+00,0.000000E+00,0.000000E+00,0.000000E+00,0.000000E+00,0.000000E+00,0.000000E+00,0.000000E+00,2.099642E+01,4.426929E+01,2.399885E+01,5.240850E+01,2.357898E+03,7.690830E+02,1.216709E-01,7.536141E-02,0.000000E+00,0.000000E+00,0.000000E+00,0.000000E+00,0.000000E+00,0.000000E+00,0.000000E+00,0.000000E+00,2.099530E+01,4.236191E+01,2.399919E+01,5.108709E+01
17:20:00,1.984944E+03,7.876386E+02,1.024301E-01,7.718015E-02,0.000000E+00,0.000000E+00,0.000000E+00,0.000000E+00,0.000000E+00,0.000000E+00,0.000000E+00,0.000000E+00,2.099674E+01,4.463930E+01,2.399874E+01,5.281559E+01,2.352670E+03,7.718717E+02,1.214012E-01,7.563397E-02,0.000000E+00,0.000000E+00,0.000000E+00,0.000000E+00,0.000000E+00,0.000000E+00,0.000000E+00,0.000000E+00,2.099535E+01,4.234914E+01,2.399918E+01,5.106557E+01
17:30:00,1.951893E+03,8.152946E+02,1.007257E-01,7.989023E-02,0.000000E+00,0.000000E+00,0.000000E+00,0.000000E+00,0.000000E+00,0.000000E+00,0.000000E+00,0.000000E+00,2.099694E+01,4.487812E+01,2.399869E+01,5.309784E+01,2.346815E+03,7.753425E+02,1.210991E-01,7.597339E-02,0.000000E+00,0.000000E+00,0.000000E+00,0.000000E+00,0.000000E+00,0.000000E+00,0.000000E+00,0.000000E+00,2.099536E+01,4.232911E+01,2.399918E+01,5.103899E+01
17:40:00,1.693316E+03,1.069208E+03,8.738278E-02,1.047752E-01,0.000000E+00,0.000000E+00,0.000000E+00,0.000000E+00,0.000000E+00,0.000000E+00,0.000000E+00,0.000000E+00,2.099706E+01,4.503303E+01,2.399770E+01,5.318006E+01,2.340427E+03,7.795983E+02,1.207695E-01,7.638973E-02,0.000000E+00,0.000000E+00,0.000000E+00,0.000000E+00,0.000000E+00,0.000000E+00,0.000000E+00,0.000000E+00,2.099535E+01,4.230852E+01,2.399918E+01,5.101606E+01
17:50:00,1.658618E+03,1.100250E+03,8.559501E-02,1.078191E-01,0.000000E+00,0.000000E+00,0.000000E+00,0.000000E+00,0.000000E+00,0.000000E+00,0.000000E+00,0.000000E+00,2.099932E+01,4.564599E+01,2.399747E+01,5.298277E+01,2.333579E+03,7.846894E+02,1.204162E-01,7.688826E-02,0.000000E+00,0.000000E+00,0.000000E+00,0.000000E+00,0.000000E+00,0.000000E+00,0.000000E+00,0.000000E+00,2.099535E+01,4.229050E+01,2.399919E+01,5.099625E+01
18:00:00,1.623903E+03,1.132521E+03,8.380487E-02,1.109822E-01,0.000000E+00,0.000000E+00,0.000000E+00,0.000000E+00,0.000000E+00,0.000000E+00,0.000000E+00,0.000000E+00,2.099777E+01,4.638780E+01,2.399838E+01,5.351335E+01,2.326332E+03,7.904908E+02,1.200423E-01,7.745673E-02,0.000000E+00,0.000000E+00,0.000000E+00,0.000000E+00,0.000000E+00,0.000000E+00,0.000000E+00,0.000000E+00,2.099534E+01,4.227549E+01,2.399919E+01,5.097839E+01
18:10:00,1.573364E+03,1.180741E+03,8.119796E-02,1.157085E-01,0.000000E+00,0.000000E+00,0.000000E+00,0.000000E+00,0.000000E+00,0.000000E+00,0.000000E+00,0.000000E+00,2.099795E+01,4.701407E+01,2.399811E+01,5.435469E+01,2.323176E+03,7.922589E+02,1.198795E-01,7.762999E-02,0.000000E+00,0.000000E+00,0.000000E+00,0.000000E+00,0.000000E+00,0.000000E+00,0.000000E+00,0.000000E+00,2.099534E+01,4.226295E+01,2.399919E+01,5.096250E+01
18:20:00,1.522962E+03,1.228670E+03,7.859815E-02,1.204060E-01,0.000000E+00,0.000000E+00,0.000000E+00,0.000000E+00,0.000000E+00,0.000000E+00,0.000000E+00,0.000000E+00,2.099835E+01,4.784524E+01,2.399828E+01,5.496579E+01,2.320571E+03,7.932761E+02,1.197450E-01,7.772945E-02,0.000000E+00,0.000000E+00,0.000000E+00,0.000000E+00,0.000000E+00,0.000000E+00,0.000000E+00,0.000000E+00,2.099533E+01,4.225225E+01,2.399934E+01,5.095347E+01
18:30:00,1.472512E+03,1.276051E+03,7.599590E-02,1.250494E-01,0.000000E+00,0.000000E+00,0.000000E+00,0.000000E+00,0.000000E+00,0.000000E+00,0.000000E+00,0.000000E+00,2.099869E+01,4.869772E+01,2.399840E+01,5.550581E+01,2.318311E+03,7.933975E+02,1.196284E-01,7.774104E-02,0.000000E+00,0.000000E+00,0.000000E+00,0.000000E+00,0.000000E+00,0.000000E+00,0.000000E+00,0.000000E+00,2.099533E+01,4.224297E+01,2.399942E+01,5.094921E+01
18:40:00,1.670150E+03,1.078556E+03,8.619670E-02,1.056937E-01,0.000000E+00,0.000000E+00,0.000000E+00,0.000000E+00,0.000000E+00,0.000000E+00,0.000000E+00,0.000000E+00,2.099904E+01,4.941748E+01,2.399830E+01,5.603813E+01,2.316328E+03,7.919483E+02,1.195261E-01,7.759872E-02,0.000000E+00,0.000000E+00,0.000000E+00,0.000000E+00,0.000000E+00,0.000000E+00,0.000000E+00,0.000000E+00,2.099533E+01,4.223484E+01,2.399943E+01,5.094954E+01
18:50:00,1.643885E+03,1.103446E+03,8.484111E-02,1.081316E-01,0.000000E+00,0.000000E+00,0.000000E+00,0.000000E+00,0.000000E+00,0.000000E+00,0.000000E+00,0.000000E+00,2.099933E+01,4.996642E+01,2.399824E+01,5.641729E+01,2.314572E+03,7.886046E+02,1.194354E-01,7.727077E-02,0.000000E+00,0.000000E+00,0.000000E+00,0.000000E+00,0.000000E+00,0.000000E+00,0.000000E+00,0.000000E+00,2.099533E+01,4.222769E+01,2.399943E+01,5.095908E+01
19:00:00,1.617440E+03,1.125660E+03,8.347764E-02,1.103087E-01,0.000000E+00,0.000000E+00,0.000000E+00,0.000000E+00,0.000000E+00,0.000000E+00,0.000000E+00,0.000000E+00,2.099956E+01,5.037026E+01,2.399821E+01,5.669633E+01,2.313004E+03,7.829245E+02,1.193545E-01,7.671389E-02,0.000000E+00,0.000000E+00,0.000000E+00,0.000000E+00,0.000000E+00,0.000000E+00,0.000000E+00,0.000000E+00,2.099532E+01,4.222136E+01,2.399944E+01,5.097863E+01
19:10:00,1.613063E+03,1.123480E+03,8.325303E-02,1.100949E-01,0.000000E+00,0.000000E+00,0.000000E+00,0.000000E+00,0.000000E+00,0.000000E+00,0.000000E+00,0.000000E+00,2.099973E+01,5.066826E+01,2.399819E+01,5.691427E+01,2.311593E+03,7.749988E+02,1.192816E-01,7.593697E-02,0.000000E+00,0.000000E+00,0.000000E+00,0.000000E+00,0.000000E+00,0.000000E+00,0.000000E+00,0.000000E+00,2.099532E+01,4.221575E+01,2.399945E+01,5.100900E+01
19:20:00,1.609243E+03,1.116615E+03,8.305698E-02,1.094224E-01,0.000000E+00,0.000000E+00,0.000000E+00,0.000000E+00,0.000000E+00,0.000000E+00,0.000000E+00,0.000000E+00,2.099985E+01,5.089196E+01,2.399819E+01,5.710416E+01,2.310316E+03,7.639958E+02,1.192157E-01,7.485872E-02,0.000000E+00,0.000000E+00,0.000000E+00,0.000000E+00,0.000000E+00,0.000000E+00,0.000000E+00,0.000000E+00,2.099532E+01,4.221073E+01,2.399945E+01,5.105203E+01
19:30:00,1.605829E+03,1.104876E+03,8.288168E-02,1.082724E-01,0.000000E+00,0.000000E+00,0.000000E+00,0.000000E+00,0.000000E+00,0.000000E+00,0.000000E+00,0.000000E+00,2.099994E+01,5.106228E+01,2.399820E+01,5.729600E+01,2.309152E+03,7.495107E+02,1.191557E-01,7.343937E-02,0.000000E+00,0.000000E+00,0.000000E+00,0.000000E+00,0.000000E+00,0.000000E+00,0.000000E+00,0.000000E+00,2.099532E+01,4.220622E+01,2.399947E+01,5.111199E+01
19:40:00,1.602769E+03,1.088026E+03,8.272447E-02,1.066213E-01,0.000000E+00,0.000000E+00,0.000000E+00,0.000000E+00,0.000000E+00,0.000000E+00,0.000000E+00,0.000000E+00,2.100001E+01,5.119280E+01,2.399822E+01,5.750494E+01,2.308092E+03,7.313608E+02,1.191009E-01,7.166093E-02,0.000000E+00,0.000000E+00,0.000000E+00,0.000000E+00,0.000000E+00,0.000000E+00,0.000000E+00,0.000000E+00,2.099532E+01,4.220215E+01,2.399948E+01,5.119169E+01
19:50:00,1.600002E+03,1.068302E+03,8.258219E-02,1.046884E-01,0.000000E+00,0.000000E+00,0.000000E+00,0.000000E+00,0.000000E+00,0.000000E+00,0.000000E+00,0.000000E+00,2.100006E+01,5.129289E+01,2.399823E+01,5.773255E+01,2.307120E+03,7.107324E+02,1.190508E-01,6.963963E-02,0.000000E+00,0.000000E+00,0.000000E+00,0.000000E+00,0.000000E+00,0.000000E+00,0.000000E+00,0.000000E+00,2.099532E+01,4.219846E+01,2.399949E+01,5.129094E+01
20:00:00,1.597476E+03,1.046831E+03,8.245221E-02,1.025844E-01,0.000000E+00,0.000000E+00,0.000000E+00,0.000000E+00,0.000000E+00,0.000000E+00,0.000000E+00,0.000000E+00,2.100010E+01,5.136955E+01,2.399822E+01,5.795846E+01,2.306226E+03,6.884359E+02,1.190047E-01,6.745489E-02,0.000000E+00,0.000000E+00,0.000000E+00,0.000000E+00,0.000000E+00,0.000000E+00,0.000000E+00,0.000000E+00,2.099532E+01,4.219511E+01,2.399950E+01,5.140316E+01
20:10:00,1.616710E+03,1.003024E+03,8.344526E-02,9.829128E-02,0.000000E+00,0.000000E+00,0.000000E+00,0.000000E+00,0.000000E+00,0.000000E+00,0.000000E+00,0.000000E+00,2.100014E+01,5.142821E+01,2.399838E+01,5.811709E+01,2.305399E+03,6.651196E+02,1.189620E-01,6.517023E-02,0.000000E+00,0.000000E+00,0.000000E+00,0.000000E+00,0.000000E+00,0.000000E+00,0.000000E+00,0.000000E+00,2.099532E+01,4.219206E+01,2.399950E+01,5.152348E+01
20:20:00,1.636448E+03,9.600014E+02,8.446425E-02,9.407485E-02,0.000000E+00,0.000000E+00,0.000000E+00,0.000000E+00,0.000000E+00,0.000000E+00,0.000000E+00,0.000000E+00,2.100017E+01,5.107038E+01,2.399849E+01,5.813611E+01,2.304630E+03,6.419760E+02,1.189223E-01,6.290250E-02,0.000000E+00,0.000000E+00,0.000000E+00,0.000000E+00,0.000000E+00,0.000000E+00,0.000000E+00,0.000000E+00,2.099532E+01,4.218924E+01,2.399951E+01,5.164942E+01
20:30:00,1.656578E+03,9.184409E+02,8.550332E-02,9.000170E-02,0.000000E+00,0.000000E+00,0.000000E+00,0.000000E+00,0.000000E+00,0.000000E+00,0.000000E+00,0.000000E+00,2.100003E+01,5.053538E+01,2.399852E+01,5.816030E+01,2.303914E+03,6.196830E+02,1.188853E-01,6.071811E-02,0.000000E+00,0.000000E+00,0.000000E+00,0.000000E+00,0.000000E+00,0.000000E+00,0.000000E+00,0.000000E+00,2.099532E+01,4.218663E+01,2.399952E+01,5.178025E+01
20:40:00,1.677028E+03,8.794131E+02,8.655868E-02,8.617675E-02,0.000000E+00,0.000000E+00,0.000000E+00,0.000000E+00,0.000000E+00,0.000000E+00,0.000000E+00,0.000000E+00,2.099981E+01,5.004099E+01,2.399854E+01,5.822969E+01,2.303238E+03,5.990562E+02,1.188504E-01,5.869700E-02,0.000000E+00,0.000000E+00,0.000000E+00,0.000000E+00,0.000000E+00,0.000000E+00,0.000000E+00,0.000000E+00,2.099532E+01,4.218420E+01,2.399952E+01,5.191588E+01
20:50:00,1.697755E+03,8.411512E+02,8.762810E-02,8.242721E-02,0.000000E+00,0.000000E+00,0.000000E+00,0.000000E+00,0.000000E+00,0.000000E+00,0.000000E+00,0.000000E+00,2.099960E+01,4.966386E+01,2.399828E+01,5.828040E+01,2.302598E+03,5.792405E+02,1.188174E-01,5.675545E-02,0.000000E+00,0.000000E+00,0.000000E+00,0.000000E+00,0.000000E+00,0.000000E+00,0.000000E+00,0.000000E+00,2.099532E+01,4.218193E+01,2.399944E+01,5.198191E+01
21:00:00,1.718720E+03,8.031927E+02,8.870970E-02,7.870775E-02,0.000000E+00,0.000000E+00,0.000000E+00,0.000000E+00,0.000000E+00,0.000000E+00,0.000000E+00,0.000000E+00,2.099943E+01,4.939596E+01,2.399800E+01,5.838208E+01,2.301994E+03,5.598605E+02,1.187862E-01,5.485667E-02,0.000000E+00,0.000000E+00,0.000000E+00,0.000000E+00,0.000000E+00,0.000000E+00,0.000000E+00,0.000000E+00,2.099532E+01,4.217980E+01,2.399936E+01,5.208774E+01
21:10:00,1.718341E+03,7.868052E+02,8.868948E-02,7.710186E-02,0.000000E+00,0.000000E+00,0.000000E+00,0.000000E+00,0.000000E+00,0.000000E+00,0.000000E+00,0.000000E+00,2.099931E+01,4.920598E+01,2.399840E+01,5.850423E+01,2.301421E+03,5.406357E+02,1.187567E-01,5.297299E-02,0.000000E+00,0.000000E+00,0.000000E+00,0.000000E+00,0.000000E+00,0.000000E+00,0.000000E+00,0.000000E+00,2.099531E+01,4.217780E+01,2.399949E+01,5.221391E+01
21:20:00,1.717833E+03,7.709136E+02,8.866251E-02,7.554478E-02,0.000000E+00,0.000000E+00,0.000000E+00,0.000000E+00,0.000000E+00,0.000000E+00,0.000000E+00,0.000000E+00,2.099923E+01,4.906737E+01,2.399834E+01,5.856846E+01,2.300891E+03,5.216058E+02,1.187293E-01,5.110842E-02,0.000000E+00,0.000000E+00,0.000000E+00,0.000000E+00,0.000000E+00,0.000000E+00,0.000000E+00,0.000000E+00,2.099531E+01,4.217591E+01,2.399948E+01,5.227166E+01
21:30:00,1.717244E+03,7.552927E+02,8.863146E-02,7.401414E-02,0.000000E+00,0.000000E+00,0.000000E+00,0.000000E+00,0.000000E+00,0.000000E+00,0.000000E+00,0.000000E+00,2.099917E+01,4.896349E+01,2.399844E+01,5.868390E+01,2.300389E+03,5.027209E+02,1.187034E-01,4.925803E-02,0.000000E+00,0.000000E+00,0.000000E+00,0.000000E+00,0.000000E+00,0.000000E+00,0.000000E+00,0.000000E+00,2.099531E+01,4.217416E+01,2.399952E+01,5.237246E+01
21:40:00,1.716615E+03,7.400492E+02,8.859843E-02,7.252029E-02,0.000000E+00,0.000000E+00,0.000000E+00,0.000000E+00,0.000000E+00,0.000000E+00,0.000000E+00,0.000000E+00,2.099912E+01,4.888461E+01,2.399863E+01,5.888462E+01,2.299922E+03,4.840574E+02,1.186793E-01,4.742929E-02,0.000000E+00,0.000000E+00,0.000000E+00,0.000000E+00,0.000000E+00,0.000000E+00,0.000000E+00,0.000000E+00,2.099531E+01,4.217253E+01,2.399958E+01,5.254966E+01
21:50:00,1.715963E+03,7.251932E+02,8.856442E-02,7.106437E-02,0.000000E+00,0.000000E+00,0.000000E+00,0.000000E+00,0.000000E+00,0.000000E+00,0.000000E+00,0.000000E+00,2.099909E+01,4.882463E+01,2.399838E+01,5.900453E+01,2.299490E+03,4.656503E+02,1.186570E-01,4.562565E-02,0.000000E+00,0.000000E+00,0.000000E+00,0.000000E+00,0.000000E+00,0.000000E+00,0.000000E+00,0.000000E+00,2.099531E+01,4.217100E+01,2.399951E+01,5.265476E+01
22:00:00,1.715300E+03,7.107627E+02,8.852990E-02,6.965010E-02,0.000000E+00,0.000000E+00,0.000000E+00,0.000000E+00,0.000000E+00,0.000000E+00,0.000000E+00,0.000000E+00,2.099906E+01,4.877914E+01,2.399811E+01,5.918793E+01,2.299088E+03,4.475512E+02,1.186363E-01,4.385218E-02,0.000000E+00,0.000000E+00,0.000000E+00,0.000000E+00,0.000000E+00,0.000000E+00,0.000000E+00,0.000000E+00,2.099531E+01,4.216958E+01,2.399944E+01,5.281462E+01
22:10:00,1.737935E+03,6.780645E+02,8.969791E-02,6.644601E-02,0.000000E+00,0.000000E+00,0.000000E+00,0.000000E+00,0.000000E+00,0.000000E+00,0.000000E+00,0.000000E+00,2.099904E+01,4.874472E+01,2.399827E+01,5.936122E+01,2.298699E+03,4.299681E+02,1.186162E-01,4.212938E-02,0.000000E+00,0.000000E+00,0.000000E+00,0.000000E+00,0.000000E+00,0.000000E+00,0.000000E+00,0.000000E+00,2.099531E+01,4.216826E+01,2.399944E+01,5.304657E+01
22:20:00,1.761213E+03,6.454648E+02,9.089912E-02,6.325132E-02,0.000000E+00,0.000000E+00,0.000000E+00,0.000000E+00,0.000000E+00,0.000000E+00,0.000000E+00,0.000000E+00,2.099895E+01,4.823728E+01,2.399847E+01,5.918038E+01,2.298313E+03,4.128746E+02,1.185963E-01,4.045454E-02,0.000000E+00,0.000000E+00,0.000000E+00,0.000000E+00,0.000000E+00,0.000000E+00,0.000000E+00,0.000000E+00,2.099531E+01,4.216698E+01,2.399944E+01,5.327093E+01
22:30:00,1.784942E+03,6.132970E+02,9.212347E-02,6.009902E-02,0.000000E+00,0.000000E+00,0.000000E+00,0.000000E+00,0.000000E+00,0.000000E+00,0.000000E+00,0.000000E+00,2.099873E+01,4.754348E+01,2.399854E+01,5.890731E+01,2.297942E+03,3.963555E+02,1.185771E-01,3.883599E-02,0.000000E+00,0.000000E+00,0.000000E+00,0.000000E+00,0.000000E+00,0.000000E+00,0.000000E+00,0.000000E+00,2.099531E+01,4.216570E+01,2.399945E+01,5.349225E+01
22:40:00,1.809043E+03,5.814884E+02,9.336675E-02,5.698210E-02,0.000000E+00,0.000000E+00,0.000000E+00,0.000000E+00,0.000000E+00,0.000000E+00,0.000000E+00,0.000000E+00,2.099841E+01,4.692160E+01,2.399859E+01,5.872254E+01,2.297577E+03,3.803850E+02,1.185583E-01,3.727125E-02,0.000000E+00,0.000000E+00,0.000000E+00,0.000000E+00,0.000000E+00,0.000000E+00,0.000000E+00,0.000000E+00,2.099531E+01,4.216446E+01,2.399946E+01,5.371176E+01
22:50:00,1.833458E+03,5.500251E+02,9.462601E-02,5.389868E-02,0.000000E+00,0.000000E+00,0.000000E+00,0.000000E+00,0.000000E+00,0.000000E+00,0.000000E+00,0.000000E+00,2.099812E+01,4.645738E+01,2.399863E+01,5.861368E+01,2.297218E+03,3.649569E+02,1.185398E-01,3.575958E-02,0.000000E+00,0.000000E+00,0.000000E+00,0.000000E+00,0.000000E+00,0.000000E+00,0.000000E+00,0.000000E+00,2.099531E+01,4.216325E+01,2.399947E+01,5.393027E+01
23:00:00,1.858144E+03,5.189771E+02,9.589913E-02,5.085566E-02,0.000000E+00,0.000000E+00,0.000000E+00,0.000000E+00,0.000000E+00,0.000000E+00,0.000000E+00,0.000000E+00,2.099790E+01,4.613477E+01,2.399866E+01,5.855946E+01,2.296867E+03,3.500853E+02,1.185217E-01,3.430240E-02,0.000000E+00,0.000000E+00,0.000000E+00,0.000000E+00,0.000000E+00,0.000000E+00,0.000000E+00,0.000000E+00,2.099531E+01,4.216210E+01,2.399948E+01,5.414852E+01
23:10:00,1.889517E+03,4.822075E+02,9.751714E-02,4.725209E-02,0.000000E+00,0.000000E+00,0.000000E+00,0.000000E+00,0.000000E+00,0.000000E+00,0.000000E+00,0.000000E+00,2.099774E+01,4.591130E+01,2.399890E+01,5.847307E+01,2.300971E+03,3.313608E+02,1.187334E-01,3.246768E-02,0.000000E+00,0.000000E+00,0.000000E+00,0.000000E+00,0.000000E+00,0.000000E+00,0.000000E+00,0.000000E+00,2.099531E+01,4.216100E+01,2.399951E+01,5.437443E+01
23:20:00,1.921984E+03,4.451554E+02,9.919138E-02,4.362092E-02,0.000000E+00,0.000000E+00,0.000000E+00,0.000000E+00,0.000000E+00,0.000000E+00,0.000000E+00,0.000000E+00,2.099743E+01,4.531426E+01,2.399915E+01,5.811984E+01,2.305956E+03,3.123692E+02,1.189906E-01,3.060679E-02,0.000000E+00,0.000000E+00,0.000000E+00,0.000000E+00,0.000000E+00,0.000000E+00,0.000000E+00,0.000000E+00,2.099526E+01,4.217326E+01,2.399954E+01,5.463271E+01
23:30:00,1.955199E+03,4.080076E+02,1.009042E-01,3.998039E-02,0.000000E+00,0.000000E+00,0.000000E+00,0.000000E+00,0.000000E+00,0.000000E+00,0.000000E+00,0.000000E+00,2.099711E+01,4.459524E+01,2.399922E+01,5.770755E+01,2.311580E+03,2.932810E+02,1.192808E-01,2.873643E-02,0.000000E+00,0.000000E+00,0.000000E+00,0.000000E+00,0.000000E+00,0.000000E+00,0.000000E+00,0.000000E+00,2.099526E+01,4.219297E+01,2.399955E+01,5.490941E+01
23:40:00,1.989051E+03,3.708214E+02,1.026497E-01,3.633614E-02,0.000000E+00,0.000000E+00,0.000000E+00,0.000000E+00,0.000000E+00,0.000000E+00,0.000000E+00,0.000000E+00,2.099675E+01,4.398124E+01,2.399927E+01,5.738710E+01,2.317749E+03,2.741491E+02,1.195991E-01,2.686178E-02,0.000000E+00,0.000000E+00,0.000000E+00,0.000000E+00,0.000000E+00,0.000000E+00,0.000000E+00,0.000000E+00,2.099526E+01,4.221327E+01,2.399957E+01,5.519023E+01
23:50:00,2.023455E+03,3.337104E+02,1.044237E-01,3.269931E-02,0.000000E+00,0.000000E+00,0.000000E+00,0.000000E+00,0.000000E+00,0.000000E+00,0.000000E+00,0.000000E+00,2.099642E+01,4.353926E+01,2.399929E+01,5.716732E+01,2.324389E+03,2.550615E+02,1.199416E-01,2.499150E-02,0.000000E+00,0.000000E+00,0.000000E+00,0.000000E+00,0.000000E+00,0.000000E+00,0.000000E+00,0.000000E+00,2.099527E+01,4.223095E+01,2.399958E+01,5.543707E+01
24:00:00,2.058341E+03,2.965303E+02,1.062224E-01,2.905592E-02,0.000000E+00,0.000000E+00,0.000000E+00,0.000000E+00,0.000000E+00,0.000000E+00,0.000000E+00,0.000000E+00,2.099618E+01,4.324388E+01,2.399884E+01,5.702909E+01,2.331440E+03,2.359316E+02,1.203054E-01,2.311714E-02,0.000000E+00,0.000000E+00,0.000000E+00,0.000000E+00,0.000000E+00,0.000000E+00,0.000000E+00,0.000000E+00,2.099527E+01,4.224556E+01,2.399932E+01,5.565302E+01
Peak,2.119283E+03,1.276051E+03,1.093600E-01,1.250494E-01,0.000000E+00,0.000000E+00,0.000000E+00,0.000000E+00,0.000000E+00,0.000000E+00,0.000000E+00,0.000000E+00,,,,,2.362261E+03,7.933975E+02,1.218960E-01,7.774104E-02,0.000000E+00,0.000000E+00,0.000000E+00,0.000000E+00,0.000000E+00,0.000000E+00,0.000000E+00,0.000000E+00,,,,

Peak Vol Flow (m3/s),,,9.205441E-02,1.052610E-01,,,0.000000E+00,0.000000E+00,,,,,,,,,,,1.026067E-01,6.543897E-02,,,0.000000E+00,0.000000E+00,,,,,,,,
